Network structure, 1, 2, 3
Biases, [ 0.79195721 -2.94584049], [ 1.441      -1.63089185  0.17046257]
Weights for layer 0, [-0.56481903], [0.38901308]
Weights for layer 1, [-0.05304151 -0.53007967], [ 0.00111745 -0.16926336], [1.43929673 0.76526373]
Nodes, [1], [0.55654166 0.07196915], [0.79791776 0.16213174 0.73624971]