Network structure, 1, 2, 3
Biases, [-0.68148014 -0.67757731], [ 1.21738951 -0.83850956  1.47533428]
Weights for layer 0, [-1.22258649], [-0.92994279]
Weights for layer 1, [-0.59079842 -1.00788089], [-0.50537714 -1.25053155], [ 0.22754576 -1.7093961 ]
Nodes, [[1]], [[0.1296489 0.1669332]], [[0.72562635 0.24735179 0.77197209]]