Network structure, 3, 5, 1
Biases, [ 1.15530735  0.72277736  0.4739782   0.24001486 -1.30351474], [0.97669894]
Weights for layer 0, [0.8654738  0.36000198 0.67410312], [ 0.42241781  0.74999798 -0.0915218 ], [ 1.0565448  -0.91902483 -0.30807997]