Network structure, 1, 2, 3
Biases, [1.21388851 1.62622634], [-0.73172182 -0.28920933  0.36247901]
Weights for layer 0, [-1.22668774], [-1.21266357]
Weights for layer 1, [0.57281018 0.60723469], [-0.34921948 -0.01710739], [-1.08018209  1.34073969]
Nodes, [1], [0.49680023 0.60194186], [0.47960392 0.38390659 0.65314484]