Network structure, 1 , 6 , 1 
Baises, [-1.06642509 -0.2902122  -0.24508025 -0.22840877  1.44998519  0.05518973] , [-0.42001514] 
Weights for layer 0, [0.39066015] , [2.09148187] , [-0.50217052] , [0.98567553] , [0.9678272] , [-0.69948022] 
Weights for layer 1, [-0.57557544 -0.25664801  0.89096493 -0.97525481  1.41569908  0.63856289] 
Nodes, [[0.1]] , [[0.26359642 0.47974509 0.4267075  0.46758522 0.82444643 0.49631049]] , [[0.67115195]] 
Nodes, [[0.5]] , [[0.2950265  0.68038219 0.37844221 0.56572472 0.87368033 0.42689022]] , [[0.62959361]] 
Nodes, [[0.0001]] , [[0.25609097 0.42800312 0.43902242 0.4431691  0.81001105 0.51377646]] , [[0.68059343]] 
Nodes, [[1000]] , [[1.00000000e+000 1.00000000e+000 6.36320351e-219 1.00000000e+000
  1.00000000e+000 1.75213794e-304]] , [[0.30750827]] 