Network structure, 2 , 3 , 1 
Baises, [ 0.80798076 -0.0621676   0.21156081] , [-0.26034659] 
Weights for layer 0, [-1.36072622  0.5653557 ] , [-0.35964155  0.9342738 ] , [0.06227811 0.25842716] 
Weights for layer 1, [-1.09455089  0.70626002  0.92876244] 
Nodes, [[1 2]] , [[0.64059924 0.80949597 0.68798017]] , [[0.56197213]] 