Network structure, 1, 3, 2
Biases, [-2.02361341 -1.75165994 -0.91841479], [[0.00086887 0.00339183 0.07190951]]
Weights for layer 0, [-1.19329432]
Weights for layer 1, [[3.34813787e-05 6.75433130e-05 4.11775216e-04]], [[0.0001307  0.00026367 0.00160746]], [[0.00277099 0.00559003 0.03407938]]